Workbook

Sheet Portföy Özeti
A1: YATIRIM 101 – DENGELİ VE BÜYÜME+ PORTFÖY MODELİ (₺5.815,50)
A3: Strateji: Dengeli ve Büyüme+ | Kaynak: Midas & TEFAS Doğrulamalı
A5: Toplam Portföy Değeri | C5: Toplam Yatırım Maliyeti | E5: Toplam Net Kar/Zarar | F5: Toplam Getiri (%) | G5: Ağırlıklı Risk Skoru
A6: ='Fon Pozisyonları'!G12+'Fon Pozisyonları'!G13 | C6: ='Fon Pozisyonları'!I12+'Fon Pozisyonları'!I13 | E6: ='Fon Pozisyonları'!J12 | F6: ='Fon Pozisyonları'!K12 | G6: 3.2 / 7 (Dengeli)
A8: GÜNCEL VARLIK DAĞILIMI VE POZİSYON ÖZETİ
A9: Fon Kodu | B9: Fon Adı | C9: Varlık Sınıfı | D9: Adet | E9: Güncel Fiyat | F9: Piyasa Değeri | G9: Portföy Payı
A10: AIS | B10: Ak Portföy Para Piyasası Katılım | C10: Katılım Likit Havuzu | D10: 24576 | E10: ='Fon Pozisyonları'!F5 | F10: ='Fon Pozisyonları'!G5 | G10: ='Fon Pozisyonları'!M5
A11: AFT | B11: Ak Portföy Yeni Teknolojiler Yabancı Hisse | C11: Global Teknoloji Hisse | D11: 930 | E11: ='Fon Pozisyonları'!F6 | F11: ='Fon Pozisyonları'!G6 | G11: ='Fon Pozisyonları'!M6
A12: IJC | B12: İş Portföy Yarı İletken Teknolojileri Değişken | C12: Tematik Teknoloji (Çip) | D12: 47 | E12: ='Fon Pozisyonları'!F7 | F12: ='Fon Pozisyonları'!G7 | G12: ='Fon Pozisyonları'!M7
A13: KZL | B13: Kuveyt Türk Portföy Altın Katılım | C13: Altın / Emtia Sigortası | D13: 26 | E13: ='Fon Pozisyonları'!F8 | F13: ='Fon Pozisyonları'!G8 | G13: ='Fon Pozisyonları'!M8
A14: MAC | B14: Marmara Capital Portföy Hisse (TL) | C14: Yerli Hisse (BIST Alfa) | D14: 646 | E14: ='Fon Pozisyonları'!F9 | F14: ='Fon Pozisyonları'!G9 | G14: ='Fon Pozisyonları'!M9
A15: TP2 | B15: Tera Portföy Para Piyasası (TL) | C15: Para Piyasası / Likit | D15: 102 | E15: ='Fon Pozisyonları'!F10 | F15: ='Fon Pozisyonları'!G10 | G15: ='Fon Pozisyonları'!M10
A16: TL | B16: Midas Serbest TL Bakiyesi | C16: Nakit Rezervi | D16: 1 | E16: 1 | F16: 29.01 | G16: =G16/$G$17
A17: GENEL TOPLAM | G17: =SUM(G10:G16)
A19: ⏳ BEKLEYEN İŞLEMLER VE TALİMATLAR (MİDAS)
A20: Emir Adı | B20: İşlem Türü | C20: İlgili Fon | D20: Tutar (₺) | E20: Durum | F20: Valör Süresi | G20: Açıklama / Hedef
A21: TP2 fon satış | B21: Satış Emri | C21: TP2 | D21: 219.39 | E21: Bekliyor | F21: T+0 (Aynı Gün) | G21: Tera PPF satış tutarı hesaba serbest nakit olarak aktarılacaktır.
A22: AIS fon alış | B22: Alış Emri | C22: AIS | D22: 29.01 | E22: Bekliyor | F22: T+0 (Aynı Gün) | G22: Ak Portföy Katılım PPF fonuna ₺29,01 ekleme yapılarak bakiye ₺2.649,52 olacaktır.

Sheet Fon Pozisyonları
A1: GÜNCEL FON POZİSYONLARI, MALİYETLER VE GETİRİLER
A4: Fon Kodu | B4: Fon Tam Adı | C4: Kategori | D4: Varlık Sınıfı | E4: Adet / Pay | F4: Güncel Fiyat (₺) | G4: Piyasa Değeri (₺) | H4: Ort. Maliyet (₺) | I4: Toplam Maliyet (₺) | J4: Toplam Kar/Zarar (₺) | K4: Toplam Getiri (%) | L4: Portföy Payı (%) | M4: 1Y Getiri (%) | N4: Vergi Durumu
A5: AIS | B5: Ak Portföy Para Piyasası Katılım Fonu | C5: Katılım Para Piyasası | D5: Katılım Likit | E5: 24576 | F5: 0.106629 | G5: =E5*F5 | H5: 0.103805 | I5: =E5*H5 | J5: =G5-I5 | K5: =IF(I5>0, J5/I5, 0) | L5: =IF($G$12>0, G5/($G$12+$G$13), 0) | M5: 0.518 | N5: %10 Stopaj
A6: AFT | B6: Ak Portföy Yeni Teknolojiler Yabancı Hisse | C6: Yabancı Hisse | D6: Global Teknoloji | E6: 930 | F6: 1.005931 | G6: =E6*F6 | H6: 1.048215 | I6: =E6*H6 | J6: =G6-I6 | K6: =IF(I6>0, J6/I6, 0) | L6: =IF($G$12>0, G6/($G$12+$G$13), 0) | M6: 0.5242 | N6: %10 Stopaj
A7: IJC | B7: İş Portföy Yarı İletken Teknolojileri Değişken | C7: Değişken Fon | D7: Yarı İletken Teknoloji | E7: 47 | F7: 16.864629 | G7: =E7*F7 | H7: 17.494681 | I7: =E7*H7 | J7: =G7-I7 | K7: =IF(I7>0, J7/I7, 0) | L7: =IF($G$12>0, G7/($G$12+$G$13), 0) | M7: 0.9791 | N7: %10 Stopaj
A8: KZL | B8: Kuveyt Türk Portföy Altın Katılım Fonu | C8: Katılım Fonu (Altın) | D8: Altın / Emtia | E8: 26 | F8: 28.013859 | G8: =E8*F8 | H8: 27.566154 | I8: =E8*H8 | J8: =G8-I8 | K8: =IF(I8>0, J8/I8, 0) | L8: =IF($G$12>0, G8/($G$12+$G$13), 0) | M8: 0.5319 | N8: %10 Stopaj
A9: MAC | B9: Marmara Capital Portföy Hisse Senedi (TL) | C9: Hisse Yoğun Fon | D9: Yerli Hisse (BIST) | E9: 646 | F9: 0.758613 | G9: =E9*F9 | H9: 0.773065 | I9: =E9*H9 | J9: =G9-I9 | K9: =IF(I9>0, J9/I9, 0) | L9: =IF($G$12>0, G9/($G$12+$G$13), 0) | M9: 0.784 | N9: %0 Stopaj Muaf
A10: TP2 | B10: Tera Portföy Para Piyasası (TL) Fonu | C10: Para Piyasası | D10: Para Piyasası / Likit | E10: 102 | F10: 2.150958 | G10: =E10*F10 | H10: 2.145392 | I10: =E10*H10 | J10: =G10-I10 | K10: =IF(I10>0, J10/I10, 0) | L10: =IF($G$12>0, G10/($G$12+$G$13), 0) | M10: 0.6027 | N10: %10 Stopaj
A12: FONLAR TOPLAMI | G12: =SUM(G5:G10) | I12: =SUM(I5:I10) | J12: =SUM(J5:J10) | K12: =IF(I12>0, J12/I12, 0)
A13: TL NAKİT | B13: Serbest Midas Bakiyesi | D13: Nakit | E13: 1 | F13: 1 | G13: 29.01 | H13: 1 | I13: 29.01 | J13: 0 | K13: 0 | L13: =G13/($G$12+$G$13)
A14: GENEL TOPLAM | G14: =G12+G13 | I14: =I12+I13 | J14: =J12+J13 | K14: =IF(I14>0, J14/I14, 0) | L14: 100.00%

Sheet Valör ve Risk Matrisi
A1: FON VALÖR SÜRELERİ, YÖNETİM ÜCRETLERİ VE RİSK ANALİZİ
A4: Fon Kodu | B4: Fon Adı | C4: Alış Valörü | D4: Satış Valörü | E4: Valör Atlama Saati | F4: Vergilendirme | G4: Yıl. Yön. Ücreti (%) | H4: Risk Skoru (1-7) | I4: Doluluk Oranı (%) | J4: Yatırımcı Sayısı
A5: AIS | B5: Ak Portföy Para Piyasası Katılım | C5: T+0 (Aynı Gün) | D5: T+0 (Aynı Gün) | E5: 13:00 | F5: %10 Stopaj | G5: 0.0039 | H5: 1 (Düşük) | I5: 0.153 | J5: 82400
A6: AFT | B6: Ak Portföy Yeni Teknolojiler Yabancı Hisse | C6: T+1 (1 İş Günü) | D6: T+2 (2 İş Günü) | E6: 13:30 | F6: %10 Stopaj | G6: 0.029 | H6: 6 (Yüksek) | I6: 0.1986 | J6: 137784
A7: IJC | B7: İş Portföy Yarı İletken Teknolojileri Değişken | C7: T+1 (1 İş Günü) | D7: T+3 (3 İş Günü) | E7: 13:30 | F7: %10 Stopaj | G7: 0.025 | H7: 6 (Yüksek) | I7: 0.4609 | J7: 47435
A8: KZL | B8: Kuveyt Türk Portföy Altın Katılım | C8: T+1 (1 İş Günü) | D8: T+1 (1 İş Günü) | E8: 13:30 | F8: %10 Stopaj | G8: 0.003 | H8: 6 (Yüksek) | I8: 0.0629 | J8: 65079
A9: MAC | B9: Marmara Capital Portföy Hisse (TL) | C9: T+1 (1 İş Günü) | D9: T+2 (2 İş Günü) | E9: 13:30 | F9: %0 (Stopajsız Muaf) | G9: 0.027 | H9: 6 (Yüksek) | I9: 0.384 | J9: 58200
A10: TP2 | B10: Tera Portföy Para Piyasası (TL) | C10: T+0 (Aynı Gün) | D10: T+0 (Aynı Gün) | E10: 13:30 | F10: %10 Stopaj | G10: 0.01 | H10: 1 (Düşük) | I10: 0.0903 | J10: 152140
